<annotation>
	<folder>Image</folder>
	<filename>10.png</filename>
	<path>C:\Users\Admin\Desktop\Image\10.png</path>
	<source>
		<database>Unknown</database>
	</source>
	<size>
		<width>940</width>
		<height>788</height>
		<depth>3</depth>
	</size>
	<segmented>0</segmented>
	<object>
		<name>cracks cause by thermal movement</name>
		<pose>Unspecified</pose>
		<truncated>0</truncated>
		<difficult>0</difficult>
		<bndbox>
			<xmin>50</xmin>
			<ymin>14</ymin>
			<xmax>531</xmax>
			<ymax>348</ymax>
		</bndbox>
	</object>
	<object>
		<name>cracks cause by wrong materials used</name>
		<pose>Unspecified</pose>
		<truncated>0</truncated>
		<difficult>0</difficult>
		<bndbox>
			<xmin>607</xmin>
			<ymin>13</ymin>
			<xmax>888</xmax>
			<ymax>349</ymax>
		</bndbox>
	</object>
	<object>
		<name>cracks cause by Overloading</name>
		<pose>Unspecified</pose>
		<truncated>0</truncated>
		<difficult>0</difficult>
		<bndbox>
			<xmin>49</xmin>
			<ymin>373</ymin>
			<xmax>457</xmax>
			<ymax>772</ymax>
		</bndbox>
	</object>
	<object>
		<name>No cracks</name>
		<pose>Unspecified</pose>
		<truncated>0</truncated>
		<difficult>0</difficult>
		<bndbox>
			<xmin>502</xmin>
			<ymin>384</ymin>
			<xmax>925</xmax>
			<ymax>732</ymax>
		</bndbox>
	</object>
</annotation>
