<annotation>
	<folder>Image</folder>
	<filename>16.png</filename>
	<path>C:\Users\Admin\Desktop\Image\16.png</path>
	<source>
		<database>Unknown</database>
	</source>
	<size>
		<width>940</width>
		<height>788</height>
		<depth>3</depth>
	</size>
	<segmented>0</segmented>
	<object>
		<name>cracks cause by wrong materials used</name>
		<pose>Unspecified</pose>
		<truncated>0</truncated>
		<difficult>0</difficult>
		<bndbox>
			<xmin>30</xmin>
			<ymin>491</ymin>
			<xmax>457</xmax>
			<ymax>717</ymax>
		</bndbox>
	</object>
	<object>
		<name>cracks cause by thermal movement</name>
		<pose>Unspecified</pose>
		<truncated>0</truncated>
		<difficult>0</difficult>
		<bndbox>
			<xmin>69</xmin>
			<ymin>9</ymin>
			<xmax>512</xmax>
			<ymax>354</ymax>
		</bndbox>
	</object>
	<object>
		<name>cracks cause by Overloading</name>
		<pose>Unspecified</pose>
		<truncated>0</truncated>
		<difficult>0</difficult>
		<bndbox>
			<xmin>575</xmin>
			<ymin>426</ymin>
			<xmax>936</xmax>
			<ymax>775</ymax>
		</bndbox>
	</object>
	<object>
		<name>No cracks</name>
		<pose>Unspecified</pose>
		<truncated>0</truncated>
		<difficult>0</difficult>
		<bndbox>
			<xmin>593</xmin>
			<ymin>20</ymin>
			<xmax>898</xmax>
			<ymax>350</ymax>
		</bndbox>
	</object>
</annotation>
