<annotation>
	<folder>Image</folder>
	<filename>21.png</filename>
	<path>C:\Users\Admin\Desktop\Image\21.png</path>
	<source>
		<database>Unknown</database>
	</source>
	<size>
		<width>940</width>
		<height>788</height>
		<depth>3</depth>
	</size>
	<segmented>0</segmented>
	<object>
		<name>cracks cause by Overloading</name>
		<pose>Unspecified</pose>
		<truncated>0</truncated>
		<difficult>0</difficult>
		<bndbox>
			<xmin>152</xmin>
			<ymin>26</ymin>
			<xmax>427</xmax>
			<ymax>337</ymax>
		</bndbox>
	</object>
	<object>
		<name>cracks cause by wrong materials used</name>
		<pose>Unspecified</pose>
		<truncated>0</truncated>
		<difficult>0</difficult>
		<bndbox>
			<xmin>248</xmin>
			<ymin>378</ymin>
			<xmax>329</xmax>
			<ymax>774</ymax>
		</bndbox>
	</object>
	<object>
		<name>cracks cause by thermal movement</name>
		<pose>Unspecified</pose>
		<truncated>0</truncated>
		<difficult>0</difficult>
		<bndbox>
			<xmin>539</xmin>
			<ymin>6</ymin>
			<xmax>939</xmax>
			<ymax>406</ymax>
		</bndbox>
	</object>
	<object>
		<name>No cracks</name>
		<pose>Unspecified</pose>
		<truncated>0</truncated>
		<difficult>0</difficult>
		<bndbox>
			<xmin>556</xmin>
			<ymin>460</ymin>
			<xmax>914</xmax>
			<ymax>723</ymax>
		</bndbox>
	</object>
</annotation>
