<annotation>
	<folder>Image</folder>
	<filename>24.png</filename>
	<path>C:\Users\Admin\Desktop\Image\24.png</path>
	<source>
		<database>Unknown</database>
	</source>
	<size>
		<width>940</width>
		<height>788</height>
		<depth>3</depth>
	</size>
	<segmented>0</segmented>
	<object>
		<name>No cracks</name>
		<pose>Unspecified</pose>
		<truncated>0</truncated>
		<difficult>0</difficult>
		<bndbox>
			<xmin>501</xmin>
			<ymin>426</ymin>
			<xmax>895</xmax>
			<ymax>743</ymax>
		</bndbox>
	</object>
	<object>
		<name>cracks cause by thermal movement</name>
		<pose>Unspecified</pose>
		<truncated>0</truncated>
		<difficult>0</difficult>
		<bndbox>
			<xmin>25</xmin>
			<ymin>10</ymin>
			<xmax>445</xmax>
			<ymax>360</ymax>
		</bndbox>
	</object>
	<object>
		<name>cracks cause by Overloading</name>
		<pose>Unspecified</pose>
		<truncated>0</truncated>
		<difficult>0</difficult>
		<bndbox>
			<xmin>605</xmin>
			<ymin>25</ymin>
			<xmax>880</xmax>
			<ymax>326</ymax>
		</bndbox>
	</object>
	<object>
		<name>cracks cause by wrong materials used</name>
		<pose>Unspecified</pose>
		<truncated>0</truncated>
		<difficult>0</difficult>
		<bndbox>
			<xmin>185</xmin>
			<ymin>406</ymin>
			<xmax>442</xmax>
			<ymax>717</ymax>
		</bndbox>
	</object>
</annotation>
