<annotation>
	<folder>Image</folder>
	<filename>29.png</filename>
	<path>C:\Users\Admin\Desktop\Image\29.png</path>
	<source>
		<database>Unknown</database>
	</source>
	<size>
		<width>940</width>
		<height>788</height>
		<depth>3</depth>
	</size>
	<segmented>0</segmented>
	<object>
		<name>cracks cause by Overloading</name>
		<pose>Unspecified</pose>
		<truncated>0</truncated>
		<difficult>0</difficult>
		<bndbox>
			<xmin>44</xmin>
			<ymin>157</ymin>
			<xmax>435</xmax>
			<ymax>325</ymax>
		</bndbox>
	</object>
	<object>
		<name>cracks cause by wrong materials used</name>
		<pose>Unspecified</pose>
		<truncated>0</truncated>
		<difficult>0</difficult>
		<bndbox>
			<xmin>132</xmin>
			<ymin>429</ymin>
			<xmax>466</xmax>
			<ymax>757</ymax>
		</bndbox>
	</object>
	<object>
		<name>cracks cause by thermal movement</name>
		<pose>Unspecified</pose>
		<truncated>0</truncated>
		<difficult>0</difficult>
		<bndbox>
			<xmin>491</xmin>
			<ymin>11</ymin>
			<xmax>918</xmax>
			<ymax>361</ymax>
		</bndbox>
	</object>
	<object>
		<name>No cracks</name>
		<pose>Unspecified</pose>
		<truncated>0</truncated>
		<difficult>0</difficult>
		<bndbox>
			<xmin>521</xmin>
			<ymin>439</ymin>
			<xmax>906</xmax>
			<ymax>754</ymax>
		</bndbox>
	</object>
</annotation>
