<annotation>
	<folder>Image</folder>
	<filename>3.png</filename>
	<path>C:\Users\Admin\Desktop\Image\3.png</path>
	<source>
		<database>Unknown</database>
	</source>
	<size>
		<width>940</width>
		<height>788</height>
		<depth>3</depth>
	</size>
	<segmented>0</segmented>
	<object>
		<name>No cracks</name>
		<pose>Unspecified</pose>
		<truncated>0</truncated>
		<difficult>0</difficult>
		<bndbox>
			<xmin>616</xmin>
			<ymin>97</ymin>
			<xmax>911</xmax>
			<ymax>335</ymax>
		</bndbox>
	</object>
	<object>
		<name>cracks cause by wrong materials used</name>
		<pose>Unspecified</pose>
		<truncated>0</truncated>
		<difficult>0</difficult>
		<bndbox>
			<xmin>192</xmin>
			<ymin>405</ymin>
			<xmax>312</xmax>
			<ymax>754</ymax>
		</bndbox>
	</object>
	<object>
		<name>cracks cause by thermal movement</name>
		<pose>Unspecified</pose>
		<truncated>0</truncated>
		<difficult>0</difficult>
		<bndbox>
			<xmin>536</xmin>
			<ymin>416</ymin>
			<xmax>925</xmax>
			<ymax>749</ymax>
		</bndbox>
	</object>
	<object>
		<name>cracks cause by Overloading</name>
		<pose>Unspecified</pose>
		<truncated>0</truncated>
		<difficult>0</difficult>
		<bndbox>
			<xmin>70</xmin>
			<ymin>126</ymin>
			<xmax>381</xmax>
			<ymax>245</ymax>
		</bndbox>
	</object>
</annotation>
